base,carretas_distintas,ids_fora_dim_carretas,cobertura_sobre_dim
fato_contratos,10349,0,0.9939492892815982
fato_gps,2569,0,0.24673453707260853
fato_readings,10412,0,1.0
fato_wo,9860,0,0.9469842489435267
fato_wo_labour,9857,0,0.946696119861698
fato_wo_parts,9728,0,0.9343065693430657
