feature,spearman_ocorrencia,spearman_magnitude_positiva,max_abs_spearman
intervalo_medio_os,-0.141399278534133,0.260730471792418,0.260730471792418
custo_preventivo_medio_movel_3m,-0.1231462235270418,-0.20478469444451788,0.20478469444451788
meses_desde_ultima_os,0.049716035547099725,0.1929351443115615,0.1929351443115615
custo_medio_movel_3m,-0.046197752592387994,-0.17239952692496113,0.17239952692496113
n_os_preventivas_acum,0.1116392571826375,-0.04630048866805698,0.1116392571826375
n_os_acum,0.10364280385112591,-0.02727102511250542,0.10364280385112591
custo_acum_manutencao,0.060977109886778194,0.03502382118754339,0.060977109886778194
custo_preventivo_acum,0.047171551899528506,0.032503927727687704,0.047171551899528506
