tipo_manutencao,observacoes,obs_km_valido,share_zero_preventivo
MAINT,555092,332756,0.8365153884401144
MIX,8665,5845,0.853664166185805
NET,56771,11663,0.9878106779870004
,129136,1802,0.9824216330070623
